id,gender,age,bbox
1,女性,59,"[2089.590087890625, 872.7346801757812, 2341.6328125, 1131.651611328125]"
