id,gender,age,bbox
1,男性,51,"[236.45339965820312, 429.5504150390625, 996.228515625, 1382.205810546875]"
